"DATE","PRCP","TMAX","TMIN","RAIN"
"1948-01-01",0.47,51,42,"TRUE"
"1948-01-02",0.59,45,36,"TRUE"
"1948-01-03",0.42,45,35,"TRUE"
"1948-01-04",0.31,45,34,"TRUE"
"1948-01-05",0.17,45,32,"TRUE"
"1948-01-06",0.44,48,39,"TRUE"
"1948-01-07",0.41,50,40,"TRUE"
"1948-01-08",0.04,48,35,"TRUE"
"1948-01-09",0.12,50,31,"TRUE"
"1948-01-10",0.74,43,34,"TRUE"
"1948-01-11",0.01,42,32,"TRUE"
"1948-01-12",0,41,26,"FALSE"
"1948-01-13",0,45,29,"FALSE"
"1948-01-14",0,38,26,"FALSE"
"1948-01-15",0,34,31,"FALSE"
"1948-01-16",0,34,28,"FALSE"
"1948-01-17",0,35,29,"FALSE"
"1948-01-18",0,33,28,"FALSE"
"1948-01-19",0,34,27,"FALSE"
"1948-01-20",0,36,29,"FALSE"
"1948-01-21",0,48,32,"FALSE"
"1948-01-22",0.21,47,44,"TRUE"
"1948-01-23",0,47,43,"FALSE"
"1948-01-24",0.1,45,34,"TRUE"
"1948-01-25",0,46,30,"FALSE"
"1948-01-26",0,45,32,"FALSE"
"1948-01-27",0,53,33,"FALSE"
"1948-01-28",0,53,25,"FALSE"
"1948-01-29",0.22,42,34,"TRUE"
"1948-01-30",0.03,47,30,"TRUE"
"1948-01-31",0.21,35,27,"TRUE"
"1948-02-01",0.03,39,30,"TRUE"
"1948-02-02",0,43,26,"FALSE"
"1948-02-03",0.2,38,26,"TRUE"
"1948-02-04",0.14,39,31,"TRUE"
"1948-02-05",0,36,26,"FALSE"
"1948-02-06",0,43,20,"FALSE"
"1948-02-07",0.06,43,27,"TRUE"
"1948-02-08",0.56,44,35,"TRUE"
"1948-02-09",0,45,32,"FALSE"
"1948-02-10",0,39,27,"FALSE"
"1948-02-11",0,46,23,"FALSE"
"1948-02-12",0,43,26,"FALSE"
"1948-02-13",0,47,35,"FALSE"
"1948-02-14",0.5,46,39,"TRUE"
"1948-02-15",0.35,45,37,"TRUE"
"1948-02-16",0.84,52,37,"TRUE"
"1948-02-17",0.13,57,46,"TRUE"
"1948-02-18",0.01,49,32,"TRUE"
"1948-02-19",0,45,30,"FALSE"
"1948-02-20",0.74,45,35,"TRUE"
"1948-02-21",0.46,49,37,"TRUE"
"1948-02-22",0.11,47,38,"TRUE"
"1948-02-23",0,47,36,"FALSE"
"1948-02-24",0.05,44,36,"TRUE"
"1948-02-25",0.98,47,41,"TRUE"
"1948-02-26",0.09,49,37,"TRUE"
"1948-02-27",0,47,35,"FALSE"
"1948-02-28",0,50,32,"FALSE"
"1948-02-29",0,46,34,"FALSE"
"1948-03-01",0.19,47,32,"TRUE"
"1948-03-02",0,50,31,"FALSE"
"1948-03-03",0,52,28,"FALSE"
"1948-03-04",0,57,31,"FALSE"
"1948-03-05",0,47,40,"FALSE"
"1948-03-06",0.06,47,41,"TRUE"
"1948-03-07",0.16,42,34,"TRUE"
"1948-03-08",0.11,42,33,"TRUE"
"1948-03-09",0,47,33,"FALSE"
"1948-03-10",0,51,31,"FALSE"
"1948-03-11",0.08,51,31,"TRUE"
"1948-03-12",0.06,60,37,"TRUE"
"1948-03-13",0.02,54,35,"TRUE"
"1948-03-14",0,52,34,"FALSE"
"1948-03-15",0,52,36,"FALSE"
"1948-03-16",0,50,33,"FALSE"
"1948-03-17",0.01,50,36,"TRUE"
"1948-03-18",0.13,48,35,"TRUE"
"1948-03-19",0,47,33,"FALSE"
"1948-03-20",0.06,44,33,"TRUE"
"1948-03-21",2.04,46,37,"TRUE"
"1948-03-22",0.03,44,30,"TRUE"
"1948-03-23",0,54,31,"FALSE"
"1948-03-24",0.4,54,36,"TRUE"
"1948-03-25",0.33,50,35,"TRUE"
"1948-03-26",0,56,36,"FALSE"
"1948-03-27",0,70,38,"FALSE"
"1948-03-28",0,64,39,"FALSE"
"1948-03-29",0,49,39,"FALSE"
"1948-03-30",0,54,38,"FALSE"
"1948-03-31",0,53,40,"FALSE"
"1948-04-01",0.17,46,37,"TRUE"
"1948-04-02",0.34,45,33,"TRUE"
"1948-04-03",0.03,47,32,"TRUE"
"1948-04-04",0.19,49,31,"TRUE"
"1948-04-05",0.08,51,32,"TRUE"
"1948-04-06",0.09,44,34,"TRUE"
"1948-04-07",0,55,30,"FALSE"
"1948-04-08",0.11,59,32,"TRUE"
"1948-04-09",0.54,50,39,"TRUE"
"1948-04-10",0.18,53,38,"TRUE"
"1948-04-11",0,51,38,"FALSE"
"1948-04-12",0.03,50,39,"TRUE"
"1948-04-13",0.01,59,39,"TRUE"
"1948-04-14",0,63,42,"FALSE"
"1948-04-15",0.33,65,47,"TRUE"
"1948-04-16",0,62,43,"FALSE"
"1948-04-17",0.37,54,44,"TRUE"
"1948-04-18",0,58,41,"FALSE"
"1948-04-19",0,61,37,"FALSE"
"1948-04-20",0,66,39,"FALSE"
"1948-04-21",0.09,55,44,"TRUE"
"1948-04-22",0.24,57,43,"TRUE"
"1948-04-23",0.02,55,42,"TRUE"
"1948-04-24",0.7,46,40,"TRUE"
"1948-04-25",0.02,49,34,"TRUE"
"1948-04-26",0,50,32,"FALSE"
"1948-04-27",0,53,31,"FALSE"
"1948-04-28",0.05,45,38,"TRUE"
"1948-04-29",0,54,33,"FALSE"
"1948-04-30",0.16,56,35,"TRUE"
"1948-05-01",0.01,58,38,"TRUE"
"1948-05-02",0.08,57,35,"TRUE"
"1948-05-03",0.59,53,42,"TRUE"
"1948-05-04",0,57,42,"FALSE"
"1948-05-05",0.56,55,45,"TRUE"
"1948-05-06",0.27,58,42,"TRUE"
"1948-05-07",0,59,40,"FALSE"
"1948-05-08",0.02,54,42,"TRUE"
"1948-05-09",0,52,41,"FALSE"
"1948-05-10",0.26,57,43,"TRUE"
"1948-05-11",0,63,44,"FALSE"
"1948-05-12",0.39,56,42,"TRUE"
"1948-05-13",0.14,55,43,"TRUE"
"1948-05-14",0.03,58,43,"TRUE"
"1948-05-15",0,64,43,"FALSE"
"1948-05-16",0.29,60,47,"TRUE"
"1948-05-17",0,62,43,"FALSE"
"1948-05-18",0.01,60,45,"TRUE"
"1948-05-19",0.1,60,40,"TRUE"
"1948-05-20",0,73,44,"FALSE"
"1948-05-21",0,62,47,"FALSE"
"1948-05-22",0,65,48,"FALSE"
"1948-05-23",0,66,50,"FALSE"
"1948-05-24",0,80,51,"FALSE"
"1948-05-25",0,73,51,"FALSE"
"1948-05-26",0,69,48,"FALSE"
"1948-05-27",0.83,60,50,"TRUE"
"1948-05-28",0.88,53,48,"TRUE"
"1948-05-29",0.3,58,48,"TRUE"
"1948-05-30",0,69,44,"FALSE"
"1948-05-31",0,77,46,"FALSE"
"1948-06-01",0,71,46,"FALSE"
"1948-06-02",0,76,49,"FALSE"
"1948-06-03",0.01,67,52,"TRUE"
"1948-06-04",0,70,49,"FALSE"
"1948-06-05",0,75,48,"FALSE"
"1948-06-06",0,82,53,"FALSE"
"1948-06-07",0,87,59,"FALSE"
"1948-06-08",0,87,60,"FALSE"
"1948-06-09",0,81,57,"FALSE"
"1948-06-10",0,76,55,"FALSE"
"1948-06-11",0.92,60,53,"TRUE"
"1948-06-12",0.18,68,50,"TRUE"
"1948-06-13",0.11,68,51,"TRUE"
"1948-06-14",0,72,50,"FALSE"
"1948-06-15",0,71,50,"FALSE"
"1948-06-16",0.09,60,52,"TRUE"
"1948-06-17",0.01,66,51,"TRUE"
"1948-06-18",0,71,50,"FALSE"
"1948-06-19",0,68,52,"FALSE"
"1948-06-20",0.76,60,52,"TRUE"
"1948-06-21",0.01,63,50,"TRUE"
"1948-06-22",0,62,49,"FALSE"
"1948-06-23",0,70,47,"FALSE"
"1948-06-24",0,64,50,"FALSE"
"1948-06-25",0,64,48,"FALSE"
"1948-06-26",0,74,50,"FALSE"
"1948-06-27",0,79,52,"FALSE"
"1948-06-28",0,82,57,"FALSE"
"1948-06-29",0,83,56,"FALSE"
"1948-06-30",0,74,53,"FALSE"
"1948-07-01",0,69,45,"FALSE"
"1948-07-02",0,70,44,"FALSE"
"1948-07-03",0,77,47,"FALSE"
"1948-07-04",0.24,66,49,"TRUE"
"1948-07-05",0.27,67,50,"TRUE"
"1948-07-06",0.44,71,51,"TRUE"
"1948-07-07",0.09,66,51,"TRUE"
"1948-07-08",0,71,48,"FALSE"
"1948-07-09",0,78,51,"FALSE"
"1948-07-10",0,73,55,"FALSE"
"1948-07-11",0,71,54,"FALSE"
"1948-07-12",0,72,50,"FALSE"
"1948-07-13",0,76,50,"FALSE"
"1948-07-14",0,77,51,"FALSE"
"1948-07-15",0,82,51,"FALSE"
"1948-07-16",0,80,55,"FALSE"
"1948-07-17",0,82,55,"FALSE"
"1948-07-18",0.05,61,54,"TRUE"
"1948-07-19",0.09,64,55,"TRUE"
"1948-07-20",0,67,54,"FALSE"
"1948-07-21",0,74,55,"FALSE"
"1948-07-22",0,71,53,"FALSE"
"1948-07-23",0.01,71,53,"TRUE"
"1948-07-24",0,72,49,"FALSE"
"1948-07-25",0,79,48,"FALSE"
"1948-07-26",0.34,80,52,"TRUE"
"1948-07-27",0,67,51,"FALSE"
"1948-07-28",0,71,53,"FALSE"
"1948-07-29",0,74,51,"FALSE"
"1948-07-30",0,80,57,"FALSE"
"1948-07-31",0,88,57,"FALSE"
"1948-08-01",0,75,54,"FALSE"
"1948-08-02",0,68,55,"FALSE"
"1948-08-03",0.01,68,55,"TRUE"
"1948-08-04",0,64,50,"FALSE"
"1948-08-05",0.36,63,49,"TRUE"
"1948-08-06",0,70,51,"FALSE"
"1948-08-07",0,70,48,"FALSE"
"1948-08-08",0,75,51,"FALSE"
"1948-08-09",0,71,55,"FALSE"
"1948-08-10",0,69,54,"FALSE"
"1948-08-11",0,64,53,"FALSE"
"1948-08-12",0,74,56,"FALSE"
"1948-08-13",0.06,65,53,"TRUE"
"1948-08-14",0,68,49,"FALSE"
"1948-08-15",0.41,68,53,"TRUE"
"1948-08-16",0.05,70,54,"TRUE"
"1948-08-17",0.07,74,55,"TRUE"
"1948-08-18",0,73,55,"FALSE"
"1948-08-19",0,68,52,"FALSE"
"1948-08-20",0.01,64,52,"TRUE"
"1948-08-21",0.11,65,55,"TRUE"
"1948-08-22",0.01,70,54,"TRUE"
"1948-08-23",0.11,69,50,"TRUE"
"1948-08-24",0.34,62,53,"TRUE"
"1948-08-25",0,72,55,"FALSE"
"1948-08-26",0.01,72,52,"TRUE"
"1948-08-27",0.24,61,53,"TRUE"
"1948-08-28",0,80,55,"FALSE"
"1948-08-29",0.05,75,57,"TRUE"
"1948-08-30",0.03,70,54,"TRUE"
"1948-08-31",0,73,51,"FALSE"
"1948-09-01",0,74,50,"FALSE"
"1948-09-02",0.08,69,52,"TRUE"
"1948-09-03",0.05,70,51,"TRUE"
"1948-09-04",0,68,50,"FALSE"
"1948-09-05",0,70,45,"FALSE"
"1948-09-06",0,70,45,"FALSE"
"1948-09-07",0,73,50,"FALSE"
"1948-09-08",0,78,56,"FALSE"
"1948-09-09",0,81,57,"FALSE"
"1948-09-10",0,81,55,"FALSE"
"1948-09-11",0,76,54,"FALSE"
"1948-09-12",0,75,52,"FALSE"
"1948-09-13",0,76,52,"FALSE"
"1948-09-14",0.08,67,50,"TRUE"
"1948-09-15",0.47,64,49,"TRUE"
"1948-09-16",0,63,45,"FALSE"
"1948-09-17",0,68,45,"FALSE"
"1948-09-18",0,70,41,"FALSE"
"1948-09-19",0,70,47,"FALSE"
"1948-09-20",0,69,52,"FALSE"
"1948-09-21",0.34,61,49,"TRUE"
"1948-09-22",0.36,51,43,"TRUE"
"1948-09-23",0.07,54,40,"TRUE"
"1948-09-24",0,58,38,"FALSE"
"1948-09-25",0,59,37,"FALSE"
"1948-09-26",1.51,49,44,"TRUE"
"1948-09-27",0.06,69,44,"TRUE"
"1948-09-28",0.83,59,42,"TRUE"
"1948-09-29",0,57,39,"FALSE"
"1948-09-30",0,63,41,"FALSE"
"1948-10-01",0,76,41,"FALSE"
"1948-10-02",0.03,69,48,"TRUE"
"1948-10-03",0.35,64,52,"TRUE"
"1948-10-04",0.21,61,45,"TRUE"
"1948-10-05",0,55,42,"FALSE"
"1948-10-06",0.14,59,45,"TRUE"
"1948-10-07",0.03,64,46,"TRUE"
"1948-10-08",0,62,41,"FALSE"
"1948-10-09",0,69,38,"FALSE"
"1948-10-10",0.66,55,48,"TRUE"
"1948-10-11",0,56,43,"FALSE"
"1948-10-12",0,57,42,"FALSE"
"1948-10-13",0,54,39,"FALSE"
"1948-10-14",0,58,42,"FALSE"
"1948-10-15",0,56,38,"FALSE"
"1948-10-16",0,60,41,"FALSE"
"1948-10-17",0,65,40,"FALSE"
"1948-10-18",0,67,42,"FALSE"
"1948-10-19",0,62,43,"FALSE"
"1948-10-20",0,63,40,"FALSE"
"1948-10-21",0,57,43,"FALSE"
"1948-10-22",0,61,45,"FALSE"
"1948-10-23",0.19,59,44,"TRUE"
"1948-10-24",0.13,60,44,"TRUE"
"1948-10-25",0.18,56,42,"TRUE"
"1948-10-26",0.04,54,36,"TRUE"
"1948-10-27",0,55,32,"FALSE"
"1948-10-28",0.09,44,35,"TRUE"
"1948-10-29",0,54,40,"FALSE"
"1948-10-30",0.2,46,43,"TRUE"
"1948-10-31",0.08,46,41,"TRUE"
"1948-11-01",0,47,37,"FALSE"
"1948-11-02",0.66,49,41,"TRUE"
"1948-11-03",0.07,53,36,"TRUE"
"1948-11-04",0.18,50,35,"TRUE"
"1948-11-05",0.09,51,39,"TRUE"
"1948-11-06",0,52,34,"FALSE"
"1948-11-07",0,46,34,"FALSE"
"1948-11-08",0,46,27,"FALSE"
"1948-11-09",0,45,27,"FALSE"
"1948-11-10",0,46,30,"FALSE"
"1948-11-11",0,42,31,"FALSE"
"1948-11-12",0.07,45,38,"TRUE"
"1948-11-13",0.15,48,41,"TRUE"
"1948-11-14",0.87,50,41,"TRUE"
"1948-11-15",0.43,46,39,"TRUE"
"1948-11-16",0.67,47,37,"TRUE"
"1948-11-17",0.07,47,35,"TRUE"
"1948-11-18",0.07,45,34,"TRUE"
"1948-11-19",0.22,47,39,"TRUE"
"1948-11-20",0.09,50,41,"TRUE"
"1948-11-21",0.03,48,40,"TRUE"
"1948-11-22",0,55,40,"FALSE"
"1948-11-23",0.33,50,41,"TRUE"
"1948-11-24",0.05,50,42,"TRUE"
"1948-11-25",0.54,48,32,"TRUE"
"1948-11-26",0,45,32,"FALSE"
"1948-11-27",0.49,48,36,"TRUE"
"1948-11-28",0.49,46,36,"TRUE"
"1948-11-29",0.2,45,37,"TRUE"
"1948-11-30",0.29,45,39,"TRUE"
"1948-12-01",0.78,46,38,"TRUE"
"1948-12-02",0,44,34,"FALSE"
"1948-12-03",0.01,41,31,"TRUE"
"1948-12-04",0.11,39,30,"TRUE"
"1948-12-05",0.35,41,33,"TRUE"
"1948-12-06",0.25,42,36,"TRUE"
"1948-12-07",0.29,39,35,"TRUE"
"1948-12-08",0.39,38,32,"TRUE"
"1948-12-09",0.84,45,34,"TRUE"
"1948-12-10",0.16,46,39,"TRUE"
"1948-12-11",0.17,42,38,"TRUE"
"1948-12-12",0.02,42,35,"TRUE"
"1948-12-13",0.3,37,33,"TRUE"
"1948-12-14",0.02,39,33,"TRUE"
"1948-12-15",0.01,39,31,"TRUE"
"1948-12-16",0,45,29,"FALSE"
"1948-12-17",0,36,24,"FALSE"
"1948-12-18",0,37,24,"FALSE"
"1948-12-19",0.73,45,36,"TRUE"
"1948-12-20",0,45,32,"FALSE"
"1948-12-21",0,39,31,"FALSE"
"1948-12-22",0.16,37,28,"TRUE"
"1948-12-23",0,42,19,"FALSE"
"1948-12-24",0,36,16,"FALSE"
"1948-12-25",0,40,29,"FALSE"
"1948-12-26",0,47,22,"FALSE"
"1948-12-27",0,34,21,"FALSE"
"1948-12-28",0.33,45,31,"TRUE"
"1948-12-29",0.29,43,34,"TRUE"
"1948-12-30",0.46,44,35,"TRUE"
"1948-12-31",0.46,41,32,"TRUE"
"1949-01-01",0,35,26,"FALSE"
"1949-01-02",0.03,40,22,"TRUE"
"1949-01-03",0,40,17,"FALSE"
"1949-01-04",0,42,20,"FALSE"
"1949-01-05",0,41,28,"FALSE"
"1949-01-06",0.03,49,37,"TRUE"
"1949-01-07",0.52,46,26,"TRUE"
"1949-01-08",0,30,18,"FALSE"
"1949-01-09",0,32,13,"FALSE"
"1949-01-10",0,30,12,"FALSE"
"1949-01-11",0,37,17,"FALSE"
"1949-01-12",0,36,19,"FALSE"
"1949-01-13",0,41,19,"FALSE"
"1949-01-14",0,36,25,"FALSE"
"1949-01-15",0,46,28,"FALSE"
"1949-01-16",0,43,26,"FALSE"
"1949-01-17",0.03,43,33,"TRUE"
"1949-01-18",0.02,35,29,"TRUE"
"1949-01-19",0,35,24,"FALSE"
"1949-01-20",0,30,20,"FALSE"
"1949-01-21",0.03,35,22,"TRUE"
"1949-01-22",0.01,33,21,"TRUE"
"1949-01-23",0,30,16,"FALSE"
"1949-01-24",0,29,17,"FALSE"
"1949-01-25",0,39,17,"FALSE"
"1949-01-26",0.1,31,26,"TRUE"
"1949-01-27",0,35,24,"FALSE"
"1949-01-28",0,41,16,"FALSE"
"1949-01-29",0,40,26,"FALSE"
"1949-01-30",0,38,28,"FALSE"
"1949-01-31",0,37,29,"FALSE"
"1949-02-01",0,37,23,"FALSE"
"1949-02-02",0.1,33,25,"TRUE"
"1949-02-03",0.03,35,27,"TRUE"
"1949-02-04",0.11,33,24,"TRUE"
"1949-02-05",0.06,35,21,"TRUE"
"1949-02-06",0.06,37,31,"TRUE"
"1949-02-07",0,38,31,"FALSE"
"1949-02-08",0,41,33,"FALSE"
"1949-02-09",0.43,43,34,"TRUE"
"1949-02-10",0.96,43,30,"TRUE"
"1949-02-11",0.02,37,27,"TRUE"
"1949-02-12",0,32,21,"FALSE"
"1949-02-13",0,34,18,"FALSE"
"1949-02-14",0.18,38,30,"TRUE"
"1949-02-15",0.12,42,33,"TRUE"
"1949-02-16",1.83,48,41,"TRUE"
"1949-02-17",0.07,46,33,"TRUE"
"1949-02-18",0.01,40,31,"TRUE"
"1949-02-19",0.32,33,29,"TRUE"
"1949-02-20",0.15,39,26,"TRUE"
"1949-02-21",0.97,47,36,"TRUE"
"1949-02-22",0.47,50,44,"TRUE"
"1949-02-23",0,59,39,"FALSE"
"1949-02-24",0,62,37,"FALSE"
"1949-02-25",0,62,35,"FALSE"
"1949-02-26",0,62,34,"FALSE"
"1949-02-27",0,62,32,"FALSE"
"1949-02-28",0,66,30,"FALSE"
"1949-03-01",0,55,38,"FALSE"
"1949-03-02",0,54,41,"FALSE"
"1949-03-03",0,61,38,"FALSE"
"1949-03-04",0,58,34,"FALSE"
"1949-03-05",0,57,38,"FALSE"
"1949-03-06",0,53,41,"FALSE"
"1949-03-07",0,48,40,"FALSE"
"1949-03-08",0.06,48,38,"TRUE"
"1949-03-09",0,54,33,"FALSE"
"1949-03-10",0,56,39,"FALSE"
"1949-03-11",0,60,41,"FALSE"
"1949-03-12",0.6,47,43,"TRUE"
"1949-03-13",0.08,49,41,"TRUE"
"1949-03-14",0.19,48,41,"TRUE"
"1949-03-15",0.06,54,38,"TRUE"
"1949-03-16",0.34,55,42,"TRUE"
"1949-03-17",0.28,58,43,"TRUE"
"1949-03-18",0.33,63,44,"TRUE"
"1949-03-19",0.65,55,44,"TRUE"
"1949-03-20",0.27,48,41,"TRUE"
"1949-03-21",0,52,37,"FALSE"
"1949-03-22",0,53,33,"FALSE"
"1949-03-23",0,55,33,"FALSE"
"1949-03-24",0,54,36,"FALSE"
"1949-03-25",0.16,53,38,"TRUE"
"1949-03-26",0.03,52,37,"TRUE"
"1949-03-27",0,52,32,"FALSE"
"1949-03-28",0,51,30,"FALSE"
"1949-03-29",0.49,43,35,"TRUE"
"1949-03-30",0,49,35,"FALSE"
"1949-03-31",0,55,30,"FALSE"
"1949-04-01",0.07,46,38,"TRUE"
"1949-04-02",0,55,38,"FALSE"
"1949-04-03",0,62,34,"FALSE"
"1949-04-04",0,72,40,"FALSE"
"1949-04-05",0.02,57,40,"TRUE"
"1949-04-06",0,64,36,"FALSE"
"1949-04-07",0,51,38,"FALSE"
"1949-04-08",0,60,43,"FALSE"
"1949-04-09",0,71,41,"FALSE"
"1949-04-10",0,67,43,"FALSE"
"1949-04-11",0,58,43,"FALSE"
"1949-04-12",0,58,42,"FALSE"
"1949-04-13",0,55,40,"FALSE"
"1949-04-14",0,73,35,"FALSE"
"1949-04-15",0,71,42,"FALSE"
"1949-04-16",0,58,45,"FALSE"
"1949-04-17",0,54,39,"FALSE"
"1949-04-18",0,53,45,"FALSE"
"1949-04-19",0.2,55,43,"TRUE"
"1949-04-20",0.23,57,43,"TRUE"
"1949-04-21",0.01,54,42,"TRUE"
"1949-04-22",0.25,55,40,"TRUE"
"1949-04-23",0.16,58,43,"TRUE"
"1949-04-24",0,59,41,"FALSE"
"1949-04-25",0.01,59,43,"TRUE"
"1949-04-26",0,69,40,"FALSE"
"1949-04-27",0.06,63,43,"TRUE"
"1949-04-28",0.1,61,46,"TRUE"
"1949-04-29",0,52,39,"FALSE"
"1949-04-30",0.07,55,38,"TRUE"
"1949-05-01",0.81,52,43,"TRUE"
"1949-05-02",0.11,54,40,"TRUE"
"1949-05-03",0,56,37,"FALSE"
"1949-05-04",0,59,38,"FALSE"
"1949-05-05",0,72,36,"FALSE"
"1949-05-06",0,70,46,"FALSE"
"1949-05-07",0,77,47,"FALSE"
"1949-05-08",0,77,47,"FALSE"
"1949-05-09",0,74,46,"FALSE"
"1949-05-10",0,73,44,"FALSE"
"1949-05-11",0,80,48,"FALSE"
"1949-05-12",0,78,51,"FALSE"
"1949-05-13",0,77,50,"FALSE"
"1949-05-14",0,76,47,"FALSE"
"1949-05-15",0,65,49,"FALSE"
"1949-05-16",0,59,45,"FALSE"
"1949-05-17",0,65,45,"FALSE"
"1949-05-18",0,78,48,"FALSE"
"1949-05-19",0.27,61,47,"TRUE"
"1949-05-20",0,68,48,"FALSE"
"1949-05-21",0,70,48,"FALSE"
"1949-05-22",0,71,52,"FALSE"
"1949-05-23",0,76,48,"FALSE"
"1949-05-24",0,68,51,"FALSE"
"1949-05-25",0,71,47,"FALSE"
"1949-05-26",0,71,46,"FALSE"
"1949-05-27",0.1,61,51,"TRUE"
"1949-05-28",0,65,47,"FALSE"
"1949-05-29",0,67,45,"FALSE"
"1949-05-30",0,66,47,"FALSE"
"1949-05-31",0.01,64,47,"TRUE"
"1949-06-01",0.06,64,47,"TRUE"
"1949-06-02",0,67,46,"FALSE"
"1949-06-03",0,74,45,"FALSE"
"1949-06-04",0,80,50,"FALSE"
"1949-06-05",0,84,52,"FALSE"
"1949-06-06",0,83,53,"FALSE"
"1949-06-07",0,72,45,"FALSE"
"1949-06-08",0,79,47,"FALSE"
"1949-06-09",0.07,76,50,"TRUE"
"1949-06-10",0,68,52,"FALSE"
"1949-06-11",0,74,47,"FALSE"
"1949-06-12",0,74,46,"FALSE"
"1949-06-13",0,74,47,"FALSE"
"1949-06-14",0,80,47,"FALSE"
"1949-06-15",0,68,43,"FALSE"
"1949-06-16",0.09,65,44,"TRUE"
"1949-06-17",0.16,73,44,"TRUE"
"1949-06-18",0,77,46,"FALSE"
"1949-06-19",0.02,66,49,"TRUE"
"1949-06-20",0.03,71,52,"TRUE"
"1949-06-21",0,74,49,"FALSE"
"1949-06-22",0,63,51,"FALSE"
"1949-06-23",0,68,51,"FALSE"
"1949-06-24",0.01,64,47,"TRUE"
"1949-06-25",0.01,64,45,"TRUE"
"1949-06-26",0.28,63,46,"TRUE"
"1949-06-27",0.01,61,45,"TRUE"
"1949-06-28",0.17,61,45,"TRUE"
"1949-06-29",0.02,64,45,"TRUE"
"1949-06-30",0,73,43,"FALSE"
"1949-07-01",0,70,45,"FALSE"
"1949-07-02",0,72,48,"FALSE"
"1949-07-03",0,75,45,"FALSE"
"1949-07-04",0,72,43,"FALSE"
"1949-07-05",0,68,50,"FALSE"
"1949-07-06",0,69,45,"FALSE"
"1949-07-07",0,74,50,"FALSE"
"1949-07-08",0,80,49,"FALSE"
"1949-07-09",0,83,54,"FALSE"
"1949-07-10",0,82,50,"FALSE"
"1949-07-11",0,75,52,"FALSE"
"1949-07-12",0,83,49,"FALSE"
"1949-07-13",0,86,50,"FALSE"
"1949-07-14",0,85,57,"FALSE"
"1949-07-15",0,78,55,"FALSE"
"1949-07-16",0,72,54,"FALSE"
"1949-07-17",0,77,51,"FALSE"
"1949-07-18",0.07,68,53,"TRUE"
"1949-07-19",0.07,66,53,"TRUE"
"1949-07-20",0,69,52,"FALSE"
"1949-07-21",0,71,50,"FALSE"
"1949-07-22",0,68,54,"FALSE"
"1949-07-23",0.54,66,55,"TRUE"
"1949-07-24",0.05,70,52,"TRUE"
"1949-07-25",0.11,62,54,"TRUE"
"1949-07-26",0.11,65,51,"TRUE"
"1949-07-27",0.09,69,50,"TRUE"
"1949-07-28",0,75,51,"FALSE"
"1949-07-29",0,80,51,"FALSE"
"1949-07-30",0,80,55,"FALSE"
"1949-07-31",0,86,56,"FALSE"
"1949-08-01",0,92,62,"FALSE"
"1949-08-02",0,74,55,"FALSE"
"1949-08-03",0,71,55,"FALSE"
"1949-08-04",0.02,73,55,"TRUE"
"1949-08-05",0,74,53,"FALSE"
"1949-08-06",0.08,66,54,"TRUE"
"1949-08-07",0.01,67,53,"TRUE"
"1949-08-08",0,73,54,"FALSE"
"1949-08-09",0,74,51,"FALSE"
"1949-08-10",0,73,53,"FALSE"
"1949-08-11",0.01,70,57,"TRUE"
"1949-08-12",0.06,68,49,"TRUE"
"1949-08-13",0,72,51,"FALSE"
"1949-08-14",0,71,48,"FALSE"
"1949-08-15",0,78,50,"FALSE"
"1949-08-16",0,72,58,"FALSE"
"1949-08-17",0,77,54,"FALSE"
"1949-08-18",0,77,52,"FALSE"
"1949-08-19",0,81,50,"FALSE"
"1949-08-20",0,73,52,"FALSE"
"1949-08-21",0,73,55,"FALSE"
"1949-08-22",0,75,49,"FALSE"
"1949-08-23",0,76,50,"FALSE"
"1949-08-24",0.25,70,49,"TRUE"
"1949-08-25",0,71,53,"FALSE"
"1949-08-26",0,76,48,"FALSE"
"1949-08-27",0,80,52,"FALSE"
"1949-08-28",0,85,56,"FALSE"
"1949-08-29",0,83,55,"FALSE"
"1949-08-30",0.02,68,53,"TRUE"
"1949-08-31",0,75,55,"FALSE"
"1949-09-01",0,78,50,"FALSE"
"1949-09-02",0,77,51,"FALSE"
"1949-09-03",0,82,59,"FALSE"
"1949-09-04",0,83,62,"FALSE"
"1949-09-05",0,81,61,"FALSE"
"1949-09-06",0,87,55,"FALSE"
"1949-09-07",0,85,53,"FALSE"
"1949-09-08",0,75,51,"FALSE"
"1949-09-09",0,70,54,"FALSE"
"1949-09-10",0,67,53,"FALSE"
"1949-09-11",0,68,45,"FALSE"
"1949-09-12",0,76,44,"FALSE"
"1949-09-13",0,79,47,"FALSE"
"1949-09-14",0.73,61,52,"TRUE"
"1949-09-15",0.35,60,51,"TRUE"
"1949-09-16",0.23,62,48,"TRUE"
"1949-09-17",0,61,47,"FALSE"
"1949-09-18",0.08,63,51,"TRUE"
"1949-09-19",0.02,62,49,"TRUE"
"1949-09-20",0,65,40,"FALSE"
"1949-09-21",0,68,46,"FALSE"
"1949-09-22",0,73,44,"FALSE"
"1949-09-23",0,73,46,"FALSE"
"1949-09-24",0,60,51,"FALSE"
"1949-09-25",0,66,51,"FALSE"
"1949-09-26",0,77,46,"FALSE"
"1949-09-27",0,82,50,"FALSE"
"1949-09-28",0,64,54,"FALSE"
"1949-09-29",0,65,55,"FALSE"
"1949-09-30",0.02,60,49,"TRUE"
"1949-10-01",0,65,49,"FALSE"
"1949-10-02",0,65,43,"FALSE"
"1949-10-03",0.14,56,39,"TRUE"
"1949-10-04",0.74,54,47,"TRUE"
"1949-10-05",0,61,44,"FALSE"
"1949-10-06",0.2,53,42,"TRUE"
"1949-10-07",0.15,57,41,"TRUE"
"1949-10-08",0,53,39,"FALSE"
"1949-10-09",0.18,60,43,"TRUE"
"1949-10-10",0.12,56,41,"TRUE"
"1949-10-11",0.04,59,46,"TRUE"
"1949-10-12",0,60,43,"FALSE"
"1949-10-13",0,57,37,"FALSE"
"1949-10-14",0,63,36,"FALSE"
"1949-10-15",0.2,59,42,"TRUE"
"1949-10-16",0,53,41,"FALSE"
"1949-10-17",0.05,51,34,"TRUE"
"1949-10-18",0,48,32,"FALSE"
"1949-10-19",0,50,28,"FALSE"
"1949-10-20",0,53,29,"FALSE"
"1949-10-21",0,55,32,"FALSE"
"1949-10-22",0,60,39,"FALSE"
"1949-10-23",0,47,41,"FALSE"
"1949-10-24",0,52,42,"FALSE"
"1949-10-25",0,48,42,"FALSE"
"1949-10-26",0.17,52,44,"TRUE"
"1949-10-27",1.17,57,48,"TRUE"
"1949-10-28",0.69,58,48,"TRUE"
"1949-10-29",0,57,41,"FALSE"
"1949-10-30",0,65,41,"FALSE"
"1949-10-31",0,71,42,"FALSE"
"1949-11-01",0,63,40,"FALSE"
"1949-11-02",0,69,38,"FALSE"
"1949-11-03",0,69,38,"FALSE"
"1949-11-04",0,74,41,"FALSE"
"1949-11-05",0,65,40,"FALSE"
"1949-11-06",0,55,39,"FALSE"
"1949-11-07",0.01,52,38,"TRUE"
"1949-11-08",0.06,51,44,"TRUE"
"1949-11-09",0.26,51,39,"TRUE"
"1949-11-10",0.27,51,42,"TRUE"
"1949-11-11",0.69,55,45,"TRUE"
"1949-11-12",1.38,50,44,"TRUE"
"1949-11-13",0.23,54,49,"TRUE"
"1949-11-14",0.12,56,47,"TRUE"
"1949-11-15",0,53,44,"FALSE"
"1949-11-16",0,66,43,"FALSE"
"1949-11-17",0,56,43,"FALSE"
"1949-11-18",0.06,53,45,"TRUE"
"1949-11-19",0,50,45,"FALSE"
"1949-11-20",0,49,39,"FALSE"
"1949-11-21",0,54,35,"FALSE"
"1949-11-22",0.67,54,39,"TRUE"
"1949-11-23",0.22,52,47,"TRUE"
"1949-11-24",0.15,58,48,"TRUE"
"1949-11-25",0.3,59,47,"TRUE"
"1949-11-26",1.17,61,48,"TRUE"
"1949-11-27",0.37,54,46,"TRUE"
"1949-11-28",0.42,49,43,"TRUE"
"1949-11-29",0.37,50,40,"TRUE"
"1949-11-30",0.03,52,43,"TRUE"
"1949-12-01",0.43,55,48,"TRUE"
"1949-12-02",0,49,38,"FALSE"
"1949-12-03",0,45,30,"FALSE"
"1949-12-04",0,54,41,"FALSE"
"1949-12-05",0.1,47,35,"TRUE"
"1949-12-06",0,45,31,"FALSE"
"1949-12-07",0,45,34,"FALSE"
"1949-12-08",0.02,44,27,"TRUE"
"1949-12-09",0.07,43,32,"TRUE"
"1949-12-10",0.01,38,25,"TRUE"
"1949-12-11",0.13,34,24,"TRUE"
"1949-12-12",0.11,37,31,"TRUE"
"1949-12-13",0,45,36,"FALSE"
"1949-12-14",0,49,38,"FALSE"
"1949-12-15",0.15,43,33,"TRUE"
"1949-12-16",0.21,40,35,"TRUE"
"1949-12-17",0.1,42,33,"TRUE"
"1949-12-18",0.3,34,24,"TRUE"
"1949-12-19",0,30,17,"FALSE"
"1949-12-20",0.07,37,22,"TRUE"
"1949-12-21",0.02,44,35,"TRUE"
"1949-12-22",0.01,47,42,"TRUE"
"1949-12-23",1.14,47,36,"TRUE"
"1949-12-24",0.03,42,32,"TRUE"
"1949-12-25",0.23,43,37,"TRUE"
"1949-12-26",0.12,42,39,"TRUE"
"1949-12-27",1.27,48,41,"TRUE"
"1949-12-28",0.26,52,44,"TRUE"
"1949-12-29",0.22,54,32,"TRUE"
"1949-12-30",0.23,38,29,"TRUE"
"1949-12-31",0.07,36,29,"TRUE"
"1950-01-01",0.25,32,24,"TRUE"
"1950-01-02",0.01,24,6,"TRUE"
"1950-01-03",0.1,26,6,"TRUE"
"1950-01-04",0,28,14,"FALSE"
"1950-01-05",0.08,38,22,"TRUE"
"1950-01-06",0.95,39,35,"TRUE"
"1950-01-07",0.31,37,33,"TRUE"
"1950-01-08",0.22,33,31,"TRUE"
"1950-01-09",0.13,35,30,"TRUE"
"1950-01-10",0.33,42,31,"TRUE"
"1950-01-11",0.05,35,29,"TRUE"
"1950-01-12",0,32,18,"FALSE"
"1950-01-13",1.27,19,11,"TRUE"
"1950-01-14",0.16,16,8,"TRUE"
"1950-01-15",0.02,21,15,"TRUE"
"1950-01-16",0,22,13,"FALSE"
"1950-01-17",0,24,15,"FALSE"
"1950-01-18",0.29,25,9,"TRUE"
"1950-01-19",1.07,42,24,"TRUE"
"1950-01-20",1.46,48,37,"TRUE"
"1950-01-21",0.43,48,42,"TRUE"
"1950-01-22",0.47,45,36,"TRUE"
"1950-01-23",0.04,36,25,"TRUE"
"1950-01-24",0,26,10,"FALSE"
"1950-01-25",0.24,24,7,"TRUE"
"1950-01-26",1.03,35,21,"TRUE"
"1950-01-27",0,28,19,"FALSE"
"1950-01-28",0,25,7,"FALSE"
"1950-01-29",0,24,6,"FALSE"
"1950-01-30",0,22,7,"FALSE"
"1950-01-31",0,20,0,"FALSE"
"1950-02-01",0,27,1,"FALSE"
"1950-02-02",0,30,8,"FALSE"
"1950-02-03",0.01,35,8,"TRUE"
"1950-02-04",0.27,41,33,"TRUE"
"1950-02-05",0.07,43,34,"TRUE"
"1950-02-06",0.29,40,35,"TRUE"
"1950-02-07",0.08,46,35,"TRUE"
"1950-02-08",0.6,44,35,"TRUE"
"1950-02-09",0.02,45,37,"TRUE"
"1950-02-10",0.21,42,36,"TRUE"
"1950-02-11",0,44,39,"FALSE"
"1950-02-12",0.79,44,38,"TRUE"
"1950-02-13",0.23,52,41,"TRUE"
"1950-02-14",0.28,54,42,"TRUE"
"1950-02-15",0.45,54,46,"TRUE"
"1950-02-16",0.15,50,39,"TRUE"
"1950-02-17",0.01,54,39,"TRUE"
"1950-02-18",0.04,52,38,"TRUE"
"1950-02-19",0,46,34,"FALSE"
"1950-02-20",0.03,46,36,"TRUE"
"1950-02-21",0.06,47,37,"TRUE"
"1950-02-22",0.02,50,40,"TRUE"
"1950-02-23",0.83,49,39,"TRUE"
"1950-02-24",0.15,49,41,"TRUE"
"1950-02-25",0.8,58,41,"TRUE"
"1950-02-26",0.35,53,36,"TRUE"
"1950-02-27",0,46,31,"FALSE"
"1950-02-28",0,50,29,"FALSE"
"1950-03-01",0,55,35,"FALSE"
"1950-03-02",0.27,50,39,"TRUE"
"1950-03-03",2.08,56,46,"TRUE"
"1950-03-04",0.85,47,42,"TRUE"
"1950-03-05",0.36,49,40,"TRUE"
"1950-03-06",0,46,36,"FALSE"
"1950-03-07",0,46,28,"FALSE"
"1950-03-08",0.06,47,36,"TRUE"
"1950-03-09",0.11,44,35,"TRUE"
"1950-03-10",0.04,42,31,"TRUE"
"1950-03-11",0,41,27,"FALSE"
"1950-03-12",0.03,43,32,"TRUE"
"1950-03-13",0.12,47,33,"TRUE"
"1950-03-14",0,49,39,"FALSE"
"1950-03-15",0.05,49,40,"TRUE"
"1950-03-16",0.98,49,42,"TRUE"
"1950-03-17",1.05,54,40,"TRUE"
"1950-03-18",0.88,46,40,"TRUE"
"1950-03-19",0.17,52,38,"TRUE"
"1950-03-20",0.19,46,33,"TRUE"
"1950-03-21",0.23,49,34,"TRUE"
"1950-03-22",0.08,45,36,"TRUE"
"1950-03-23",0.23,46,34,"TRUE"
"1950-03-24",0.03,50,35,"TRUE"
"1950-03-25",0,51,35,"FALSE"
"1950-03-26",0.36,46,38,"TRUE"
"1950-03-27",0.01,47,36,"TRUE"
"1950-03-28",0,47,31,"FALSE"
"1950-03-29",0,52,28,"FALSE"
"1950-03-30",0.06,45,41,"TRUE"
"1950-03-31",0.16,50,41,"TRUE"
"1950-04-01",0.04,51,41,"TRUE"
"1950-04-02",0.1,47,38,"TRUE"
"1950-04-03",0,52,35,"FALSE"
"1950-04-04",0,61,32,"FALSE"
"1950-04-05",0.1,62,39,"TRUE"
"1950-04-06",0.02,52,37,"TRUE"
"1950-04-07",0,57,37,"FALSE"
"1950-04-08",0.05,50,40,"TRUE"
"1950-04-09",0,52,38,"FALSE"
"1950-04-10",0,58,34,"FALSE"
"1950-04-11",0.3,58,43,"TRUE"
"1950-04-12",0.61,54,41,"TRUE"
"1950-04-13",0,57,38,"FALSE"
"1950-04-14",0.08,51,38,"TRUE"
"1950-04-15",0.75,49,43,"TRUE"
"1950-04-16",0.41,53,42,"TRUE"
"1950-04-17",0.02,52,40,"TRUE"
"1950-04-18",0,61,34,"FALSE"
"1950-04-19",0,74,45,"FALSE"
"1950-04-20",0,56,35,"FALSE"
"1950-04-21",0,50,33,"FALSE"
"1950-04-22",0.03,50,35,"TRUE"
"1950-04-23",0,52,33,"FALSE"
"1950-04-24",0,57,30,"FALSE"
"1950-04-25",0.04,54,40,"TRUE"
"1950-04-26",0.08,46,38,"TRUE"
"1950-04-27",0.24,52,37,"TRUE"
"1950-04-28",0,60,34,"FALSE"
"1950-04-29",0,66,36,"FALSE"
"1950-04-30",0.05,63,38,"TRUE"
"1950-05-01",0.08,55,41,"TRUE"
"1950-05-02",0,54,36,"FALSE"
"1950-05-03",0.01,53,35,"TRUE"
"1950-05-04",0.05,49,43,"TRUE"
"1950-05-05",0.1,52,39,"TRUE"
"1950-05-06",0,53,38,"FALSE"
"1950-05-07",0,60,34,"FALSE"
"1950-05-08",0,61,41,"FALSE"
"1950-05-09",0.01,55,40,"TRUE"
"1950-05-10",0,66,49,"FALSE"
"1950-05-11",0,73,44,"FALSE"
"1950-05-12",0,68,48,"FALSE"
"1950-05-13",0,65,44,"FALSE"
"1950-05-14",0,63,39,"FALSE"
"1950-05-15",0,62,40,"FALSE"
"1950-05-16",0.04,61,41,"TRUE"
"1950-05-17",0.28,53,41,"TRUE"
"1950-05-18",0,55,37,"FALSE"
"1950-05-19",0,62,46,"FALSE"
"1950-05-20",0,67,43,"FALSE"
"1950-05-21",0,63,47,"FALSE"
"1950-05-22",0.02,56,43,"TRUE"
"1950-05-23",0,61,37,"FALSE"
"1950-05-24",0,69,37,"FALSE"
"1950-05-25",0,79,40,"FALSE"
"1950-05-26",0.04,73,45,"TRUE"
"1950-05-27",0.14,60,47,"TRUE"
"1950-05-28",0.01,63,45,"TRUE"
"1950-05-29",0,63,46,"FALSE"
"1950-05-30",0,65,43,"FALSE"
"1950-05-31",0,72,41,"FALSE"
"1950-06-01",0,67,47,"FALSE"
"1950-06-02",0,78,47,"FALSE"
"1950-06-03",0,84,46,"FALSE"
"1950-06-04",0,70,44,"FALSE"
"1950-06-05",0.06,61,43,"TRUE"
"1950-06-06",0.22,52,45,"TRUE"
"1950-06-07",0.07,55,47,"TRUE"
"1950-06-08",0,64,48,"FALSE"
"1950-06-09",0,72,46,"FALSE"
"1950-06-10",0.02,73,53,"TRUE"
"1950-06-11",0,75,51,"FALSE"
"1950-06-12",0.01,59,51,"TRUE"
"1950-06-13",0.02,64,51,"TRUE"
"1950-06-14",0.01,58,52,"TRUE"
"1950-06-15",0,73,54,"FALSE"
"1950-06-16",0,84,54,"FALSE"
"1950-06-17",0,65,56,"FALSE"
"1950-06-18",0,73,55,"FALSE"
"1950-06-19",0,80,53,"FALSE"
"1950-06-20",0.01,69,54,"TRUE"
"1950-06-21",0.07,62,49,"TRUE"
"1950-06-22",0.05,61,49,"TRUE"
"1950-06-23",0.01,64,48,"TRUE"
"1950-06-24",0,66,48,"FALSE"
"1950-06-25",0.01,68,47,"TRUE"
"1950-06-26",0,78,49,"FALSE"
"1950-06-27",0.03,78,57,"TRUE"
"1950-06-28",0,82,57,"FALSE"
"1950-06-29",0,81,57,"FALSE"
"1950-06-30",0,77,57,"FALSE"
"1950-07-01",0,77,50,"FALSE"
"1950-07-02",0,81,51,"FALSE"
"1950-07-03",0,80,47,"FALSE"
"1950-07-04",0,79,50,"FALSE"
"1950-07-05",0,78,51,"FALSE"
"1950-07-06",0,73,54,"FALSE"
"1950-07-07",0,69,52,"FALSE"
"1950-07-08",0.21,66,47,"TRUE"
"1950-07-09",0.01,68,53,"TRUE"
"1950-07-10",0,68,53,"FALSE"
"1950-07-11",0,72,52,"FALSE"
"1950-07-12",0,80,51,"FALSE"
"1950-07-13",0,76,50,"FALSE"
"1950-07-14",0,74,55,"FALSE"
"1950-07-15",0,69,51,"FALSE"
"1950-07-16",0,75,52,"FALSE"
"1950-07-17",0,83,48,"FALSE"
"1950-07-18",0,77,53,"FALSE"
"1950-07-19",0.36,77,54,"TRUE"
"1950-07-20",0,77,51,"FALSE"
"1950-07-21",0,86,56,"FALSE"
"1950-07-22",0,82,54,"FALSE"
"1950-07-23",0,81,54,"FALSE"
"1950-07-24",0,81,53,"FALSE"
"1950-07-25",0,79,53,"FALSE"
"1950-07-26",0,70,56,"FALSE"
"1950-07-27",0.23,68,54,"TRUE"
"1950-07-28",0.19,64,53,"TRUE"
"1950-07-29",0,68,55,"FALSE"
"1950-07-30",0,72,52,"FALSE"
"1950-07-31",0,78,52,"FALSE"
"1950-08-01",0,83,53,"FALSE"
"1950-08-02",0.03,67,52,"TRUE"
"1950-08-03",0,68,51,"FALSE"
"1950-08-04",0,71,44,"FALSE"
"1950-08-05",0,67,49,"FALSE"
"1950-08-06",0.12,65,53,"TRUE"
"1950-08-07",0,72,55,"FALSE"
"1950-08-08",0,76,50,"FALSE"
"1950-08-09",0,77,47,"FALSE"
"1950-08-10",0,77,51,"FALSE"
"1950-08-11",0,79,48,"FALSE"
"1950-08-12",0,78,49,"FALSE"
"1950-08-13",0,76,48,"FALSE"
"1950-08-14",0.26,72,57,"TRUE"
"1950-08-15",1.2,63,57,"TRUE"
"1950-08-16",0,77,56,"FALSE"
"1950-08-17",0,82,56,"FALSE"
"1950-08-18",0,81,53,"FALSE"
"1950-08-19",0,84,53,"FALSE"
"1950-08-20",0,86,55,"FALSE"
"1950-08-21",0,85,55,"FALSE"
"1950-08-22",0.37,75,55,"TRUE"
"1950-08-23",0.17,68,57,"TRUE"
"1950-08-24",0.02,73,56,"TRUE"
"1950-08-25",0,74,55,"FALSE"
"1950-08-26",0,85,53,"FALSE"
"1950-08-27",0,74,55,"FALSE"
"1950-08-28",0,75,50,"FALSE"
"1950-08-29",0,72,53,"FALSE"
"1950-08-30",0,75,45,"FALSE"
"1950-08-31",0,79,46,"FALSE"
"1950-09-01",0,83,51,"FALSE"
"1950-09-02",0,80,57,"FALSE"
"1950-09-03",0.13,64,55,"TRUE"
"1950-09-04",0.06,67,53,"TRUE"
"1950-09-05",0,72,44,"FALSE"
"1950-09-06",0,70,50,"FALSE"
"1950-09-07",0,71,48,"FALSE"
"1950-09-08",0,75,43,"FALSE"
"1950-09-09",0,73,45,"FALSE"
"1950-09-10",0,67,47,"FALSE"
"1950-09-11",0,77,47,"FALSE"
"1950-09-12",0,77,45,"FALSE"
"1950-09-13",0,60,50,"FALSE"
"1950-09-14",0,65,49,"FALSE"
"1950-09-15",0,61,45,"FALSE"
"1950-09-16",0,69,50,"FALSE"
"1950-09-17",0,73,48,"FALSE"
"1950-09-18",0,70,44,"FALSE"
"1950-09-19",0,63,47,"FALSE"
"1950-09-20",0,71,42,"FALSE"
"1950-09-21",0,86,51,"FALSE"
"1950-09-22",0,75,52,"FALSE"
"1950-09-23",0.01,67,52,"TRUE"
"1950-09-24",0.99,60,55,"TRUE"
"1950-09-25",0.63,60,49,"TRUE"
"1950-09-26",0.11,60,45,"TRUE"
"1950-09-27",0.02,60,40,"TRUE"
"1950-09-28",0,55,38,"FALSE"
"1950-09-29",0,58,40,"FALSE"
"1950-09-30",0.35,61,36,"TRUE"
"1950-10-01",0,58,35,"FALSE"
"1950-10-02",0,60,35,"FALSE"
"1950-10-03",0.05,57,48,"TRUE"
"1950-10-04",0.92,64,48,"TRUE"
"1950-10-05",0.54,55,46,"TRUE"
"1950-10-06",0.03,59,45,"TRUE"
"1950-10-07",0,71,51,"FALSE"
"1950-10-08",0.74,61,47,"TRUE"
"1950-10-09",0.73,57,41,"TRUE"
"1950-10-10",0.85,62,49,"TRUE"
"1950-10-11",0,64,42,"FALSE"
"1950-10-12",0.02,59,50,"TRUE"
"1950-10-13",0,55,50,"FALSE"
"1950-10-14",0.04,53,47,"TRUE"
"1950-10-15",0,53,36,"FALSE"
"1950-10-16",0.03,50,40,"TRUE"
"1950-10-17",0.22,54,43,"TRUE"
"1950-10-18",0.37,56,47,"TRUE"
"1950-10-19",0.11,59,48,"TRUE"
"1950-10-20",0.02,55,42,"TRUE"
"1950-10-21",0,51,36,"FALSE"
"1950-10-22",0,50,34,"FALSE"
"1950-10-23",0.05,55,38,"TRUE"
"1950-10-24",0.09,54,37,"TRUE"
"1950-10-25",0.56,57,42,"TRUE"
"1950-10-26",0.17,53,40,"TRUE"
"1950-10-27",0.54,52,43,"TRUE"
"1950-10-28",0.53,47,42,"TRUE"
"1950-10-29",0.07,49,42,"TRUE"
"1950-10-30",0.39,47,40,"TRUE"
"1950-10-31",0.14,50,37,"TRUE"
"1950-11-01",0.64,50,42,"TRUE"
"1950-11-02",0.05,54,43,"TRUE"
"1950-11-03",0,64,54,"FALSE"
"1950-11-04",0.08,57,46,"TRUE"
"1950-11-05",0,49,43,"FALSE"
"1950-11-06",0.18,51,41,"TRUE"
"1950-11-07",0,46,39,"FALSE"
"1950-11-08",0,47,35,"FALSE"
"1950-11-09",0,53,32,"FALSE"
"1950-11-10",0,47,35,"FALSE"
"1950-11-11",0,44,34,"FALSE"
"1950-11-12",0,48,29,"FALSE"
"1950-11-13",0.11,41,27,"TRUE"
"1950-11-14",0.01,41,32,"TRUE"
"1950-11-15",0.37,46,36,"TRUE"
"1950-11-16",0.27,44,37,"TRUE"
"1950-11-17",0.15,40,34,"TRUE"
"1950-11-18",0,43,29,"FALSE"
"1950-11-19",0.47,43,25,"TRUE"
"1950-11-20",0.88,52,40,"TRUE"
"1950-11-21",0.27,53,42,"TRUE"
"1950-11-22",0.47,48,40,"TRUE"
"1950-11-23",1.13,52,41,"TRUE"
"1950-11-24",0.21,55,46,"TRUE"
"1950-11-25",0.31,57,46,"TRUE"
"1950-11-26",0.5,60,49,"TRUE"
"1950-11-27",0.62,51,44,"TRUE"
"1950-11-28",0.09,51,41,"TRUE"
"1950-11-29",0,41,36,"FALSE"
"1950-11-30",1.17,37,32,"TRUE"
"1950-12-01",0.14,37,30,"TRUE"
"1950-12-02",0.06,44,36,"TRUE"
"1950-12-03",0.25,41,37,"TRUE"
"1950-12-04",0.06,42,36,"TRUE"
"1950-12-05",0.67,45,39,"TRUE"
"1950-12-06",0.63,52,41,"TRUE"
"1950-12-07",0.13,46,41,"TRUE"
"1950-12-08",0.02,53,37,"TRUE"
"1950-12-09",0.5,52,47,"TRUE"
"1950-12-10",0,58,45,"FALSE"
"1950-12-11",0.22,53,43,"TRUE"
"1950-12-12",0,50,37,"FALSE"
"1950-12-13",0,43,33,"FALSE"
"1950-12-14",0.22,47,38,"TRUE"
"1950-12-15",0.39,50,41,"TRUE"
"1950-12-16",0.28,50,43,"TRUE"
"1950-12-17",0.09,53,42,"TRUE"
"1950-12-18",0.06,47,40,"TRUE"
"1950-12-19",0.21,55,43,"TRUE"
"1950-12-20",0.39,52,44,"TRUE"
"1950-12-21",0.08,53,45,"TRUE"
"1950-12-22",0.61,54,46,"TRUE"
"1950-12-23",0.8,58,52,"TRUE"
"1950-12-24",0.09,55,48,"TRUE"
"1950-12-25",0,48,41,"FALSE"
"1950-12-26",0.16,46,38,"TRUE"
"1950-12-27",0.14,46,41,"TRUE"
"1950-12-28",0,47,41,"FALSE"
"1950-12-29",0.06,52,44,"TRUE"
"1950-12-30",0.88,51,31,"TRUE"
"1950-12-31",0,43,33,"FALSE"
"1951-01-01",0.23,45,37,"TRUE"
"1951-01-02",0.98,46,39,"TRUE"
"1951-01-03",0.1,42,36,"TRUE"
"1951-01-04",0.17,40,35,"TRUE"
"1951-01-05",0.03,43,31,"TRUE"
"1951-01-06",0,45,31,"FALSE"
"1951-01-07",0.03,40,30,"TRUE"
"1951-01-08",0,46,32,"FALSE"
"1951-01-09",0,44,32,"FALSE"
"1951-01-10",0.17,45,39,"TRUE"
"1951-01-11",0.02,47,36,"TRUE"
"1951-01-12",0.03,44,40,"TRUE"
"1951-01-13",0.08,46,40,"TRUE"
"1951-01-14",0.68,44,35,"TRUE"
"1951-01-15",0.47,48,32,"TRUE"
"1951-01-16",0.37,42,32,"TRUE"
"1951-01-17",0.03,42,32,"TRUE"
"1951-01-18",0.32,40,32,"TRUE"
"1951-01-19",0.19,40,32,"TRUE"
"1951-01-20",0.56,42,32,"TRUE"
"1951-01-21",1.13,43,34,"TRUE"
"1951-01-22",0.04,44,34,"TRUE"
"1951-01-23",0.19,41,36,"TRUE"
"1951-01-24",0.47,54,39,"TRUE"
"1951-01-25",0.51,53,42,"TRUE"
"1951-01-26",0,43,33,"FALSE"
"1951-01-27",0,33,19,"FALSE"
"1951-01-28",0,27,15,"FALSE"
"1951-01-29",0,32,15,"FALSE"
"1951-01-30",0,33,11,"FALSE"
"1951-01-31",0,33,19,"FALSE"
"1951-02-01",0.64,40,28,"TRUE"
"1951-02-02",0.49,47,36,"TRUE"
"1951-02-03",0.3,45,37,"TRUE"
"1951-02-04",0,48,35,"FALSE"
"1951-02-05",0,45,31,"FALSE"
"1951-02-06",0.38,41,31,"TRUE"
"1951-02-07",0.82,52,41,"TRUE"
"1951-02-08",1.45,54,46,"TRUE"
"1951-02-09",2.98,57,49,"TRUE"
"1951-02-10",0.46,57,47,"TRUE"
"1951-02-11",0.14,48,34,"TRUE"
"1951-02-12",0,46,31,"FALSE"
"1951-02-13",0,49,30,"FALSE"
"1951-02-14",0,53,32,"FALSE"
"1951-02-15",0.05,46,35,"TRUE"
"1951-02-16",0,48,31,"FALSE"
"1951-02-17",0.49,41,37,"TRUE"
"1951-02-18",0,43,36,"FALSE"
"1951-02-19",0.46,44,37,"TRUE"
"1951-02-20",0.04,49,37,"TRUE"
"1951-02-21",0,47,36,"FALSE"
"1951-02-22",0,47,34,"FALSE"
"1951-02-23",0,47,31,"FALSE"
"1951-02-24",0.01,42,32,"TRUE"
"1951-02-25",0,42,29,"FALSE"
"1951-02-26",0,44,2,"FALSE"
"1951-02-27",0,44,25,"FALSE"
"1951-02-28",0.05,43,24,"TRUE"
"1951-03-01",0.07,42,28,"TRUE"
"1951-03-02",0,42,24,"FALSE"
"1951-03-03",0.3,38,31,"TRUE"
"1951-03-04",0.14,38,28,"TRUE"
"1951-03-05",0.17,33,25,"TRUE"
"1951-03-06",0.16,35,26,"TRUE"
"1951-03-07",0.08,37,26,"TRUE"
"1951-03-08",0.26,32,28,"TRUE"
"1951-03-09",0.02,35,28,"TRUE"
"1951-03-10",0.04,39,25,"TRUE"
"1951-03-11",0.5,43,28,"TRUE"
"1951-03-12",0.65,45,35,"TRUE"
"1951-03-13",0.01,48,37,"TRUE"
"1951-03-14",0.01,49,39,"TRUE"
"1951-03-15",0.5,49,35,"TRUE"
"1951-03-16",0,48,30,"FALSE"
"1951-03-17",0,48,27,"FALSE"
"1951-03-18",0,55,31,"FALSE"
"1951-03-19",0,63,36,"FALSE"
"1951-03-20",0.02,56,41,"TRUE"
"1951-03-21",0.11,45,38,"TRUE"
"1951-03-22",0,46,35,"FALSE"
"1951-03-23",0,51,31,"FALSE"
"1951-03-24",0,59,32,"FALSE"
"1951-03-25",0.09,48,42,"TRUE"
"1951-03-26",0.12,51,37,"TRUE"
"1951-03-27",0,53,32,"FALSE"
"1951-03-28",0,58,36,"FALSE"
"1951-03-29",0.1,52,42,"TRUE"
"1951-03-30",0.41,47,35,"TRUE"
"1951-03-31",0,53,33,"FALSE"
"1951-04-01",0,62,33,"FALSE"
"1951-04-02",0,65,36,"FALSE"
"1951-04-03",0,67,36,"FALSE"
"1951-04-04",0,57,38,"FALSE"
"1951-04-05",0,56,33,"FALSE"
"1951-04-06",0,64,34,"FALSE"
"1951-04-07",0,52,38,"FALSE"
"1951-04-08",0,52,35,"FALSE"
"1951-04-09",0,55,39,"FALSE"
"1951-04-10",0,64,39,"FALSE"
"1951-04-11",0,73,44,"FALSE"
"1951-04-12",0,77,38,"FALSE"
"1951-04-13",0,50,42,"FALSE"
"1951-04-14",0,67,36,"FALSE"
"1951-04-15",0,72,42,"FALSE"
"1951-04-16",0,72,38,"FALSE"
"1951-04-17",0,58,42,"FALSE"
"1951-04-18",0.04,54,44,"TRUE"
"1951-04-19",0,51,37,"FALSE"
"1951-04-20",0,56,35,"FALSE"
"1951-04-21",0,61,29,"FALSE"
"1951-04-22",0,62,40,"FALSE"
"1951-04-23",0,65,37,"FALSE"
"1951-04-24",0,69,33,"FALSE"
"1951-04-25",0,65,39,"FALSE"
"1951-04-26",0,67,44,"FALSE"
"1951-04-27",0.54,50,44,"TRUE"
"1951-04-28",0.07,59,39,"TRUE"
"1951-04-29",0,54,36,"FALSE"
"1951-04-30",0,56,40,"FALSE"
"1951-05-01",0,59,32,"FALSE"
"1951-05-02",0,64,37,"FALSE"
"1951-05-03",0,72,46,"FALSE"
"1951-05-04",0.24,58,49,"TRUE"
"1951-05-05",0,69,42,"FALSE"
"1951-05-06",0.08,58,49,"TRUE"
"1951-05-07",0.02,53,48,"TRUE"
"1951-05-08",0,64,48,"FALSE"
"1951-05-09",0,74,43,"FALSE"
"1951-05-10",0.2,67,51,"TRUE"
"1951-05-11",0.44,57,44,"TRUE"
"1951-05-12",0.01,60,40,"TRUE"
"1951-05-13",0.01,64,42,"TRUE"
"1951-05-14",0,61,46,"FALSE"
"1951-05-15",0,69,42,"FALSE"
"1951-05-16",0,74,46,"FALSE"
"1951-05-17",0.05,63,47,"TRUE"
"1951-05-18",0,61,45,"FALSE"
"1951-05-19",0,66,43,"FALSE"
"1951-05-20",0,68,44,"FALSE"
"1951-05-21",0,77,43,"FALSE"
"1951-05-22",0.03,81,48,"TRUE"
"1951-05-23",0.14,63,50,"TRUE"
"1951-05-24",0.26,57,48,"TRUE"
"1951-05-25",0,62,45,"FALSE"
"1951-05-26",0,65,44,"FALSE"
"1951-05-27",0,62,44,"FALSE"
"1951-05-28",0.13,59,40,"TRUE"
"1951-05-29",0,60,35,"FALSE"
"1951-05-30",0,67,36,"FALSE"
"1951-05-31",0,69,39,"FALSE"
"1951-06-01",0,71,40,"FALSE"
"1951-06-02",0,74,40,"FALSE"
"1951-06-03",0,64,48,"FALSE"
"1951-06-04",0.01,56,49,"TRUE"
"1951-06-05",0,64,50,"FALSE"
"1951-06-06",0.01,63,50,"TRUE"
"1951-06-07",0.04,61,49,"TRUE"
"1951-06-08",0,66,45,"FALSE"
"1951-06-09",0,73,47,"FALSE"
"1951-06-10",0,70,46,"FALSE"
"1951-06-11",0,63,52,"FALSE"
"1951-06-12",0.07,71,54,"TRUE"
"1951-06-13",0,70,57,"FALSE"
"1951-06-14",0,78,57,"FALSE"
"1951-06-15",0,74,52,"FALSE"
"1951-06-16",0,75,45,"FALSE"
"1951-06-17",0,72,47,"FALSE"
"1951-06-18",0,72,46,"FALSE"
"1951-06-19",0,71,43,"FALSE"
"1951-06-20",0,78,49,"FALSE"
"1951-06-21",0,83,46,"FALSE"
"1951-06-22",0,76,48,"FALSE"
"1951-06-23",0,70,50,"FALSE"
"1951-06-24",0,74,51,"FALSE"
"1951-06-25",0,84,49,"FALSE"
"1951-06-26",0,74,51,"FALSE"
"1951-06-27",0,81,48,"FALSE"
"1951-06-28",0,87,51,"FALSE"
"1951-06-29",0,92,55,"FALSE"
"1951-06-30",0,90,54,"FALSE"
"1951-07-01",0,73,53,"FALSE"
"1951-07-02",0,79,53,"FALSE"
"1951-07-03",0,67,53,"FALSE"
"1951-07-04",0,65,52,"FALSE"
"1951-07-05",0.25,67,47,"TRUE"
"1951-07-06",0.06,70,51,"TRUE"
"1951-07-07",0,74,48,"FALSE"
"1951-07-08",0,73,54,"FALSE"
"1951-07-09",0,73,53,"FALSE"
"1951-07-10",0,84,53,"FALSE"
"1951-07-11",0,95,58,"FALSE"
"1951-07-12",0,96,58,"FALSE"
"1951-07-13",0,73,56,"FALSE"
"1951-07-14",0,78,54,"FALSE"
"1951-07-15",0,81,55,"FALSE"
"1951-07-16",0,83,54,"FALSE"
"1951-07-17",0,76,55,"FALSE"
"1951-07-18",0,76,54,"FALSE"
"1951-07-19",0,74,50,"FALSE"
"1951-07-20",0,74,53,"FALSE"
"1951-07-21",0,79,48,"FALSE"
"1951-07-22",0,82,52,"FALSE"
"1951-07-23",0,80,50,"FALSE"
"1951-07-24",0,72,54,"FALSE"
"1951-07-25",0,66,55,"FALSE"
"1951-07-26",0,72,55,"FALSE"
"1951-07-27",0,78,47,"FALSE"
"1951-07-28",0,73,51,"FALSE"
"1951-07-29",0,75,51,"FALSE"
"1951-07-30",0,79,48,"FALSE"
"1951-07-31",0,80,48,"FALSE"
"1951-08-01",0,78,51,"FALSE"
"1951-08-02",0,76,51,"FALSE"
"1951-08-03",0,70,53,"FALSE"
"1951-08-04",0,75,52,"FALSE"
"1951-08-05",0,75,50,"FALSE"
"1951-08-06",0,78,50,"FALSE"
"1951-08-07",0,80,49,"FALSE"
"1951-08-08",0,72,52,"FALSE"
"1951-08-09",0,66,55,"FALSE"
"1951-08-10",0,63,55,"FALSE"
"1951-08-11",0,69,53,"FALSE"
"1951-08-12",0,73,55,"FALSE"
"1951-08-13",0,73,52,"FALSE"
"1951-08-14",0,79,47,"FALSE"
"1951-08-15",0,79,51,"FALSE"
"1951-08-16",0,77,54,"FALSE"
"1951-08-17",0,77,45,"FALSE"
"1951-08-18",0,79,47,"FALSE"
"1951-08-19",0,81,48,"FALSE"
"1951-08-20",0,83,55,"FALSE"
"1951-08-21",0,85,51,"FALSE"
"1951-08-22",0,73,50,"FALSE"
"1951-08-23",0,71,48,"FALSE"
"1951-08-24",0,76,45,"FALSE"
"1951-08-25",0,71,47,"FALSE"
"1951-08-26",0,71,47,"FALSE"
"1951-08-27",0.76,64,47,"TRUE"
"1951-08-28",0.2,57,48,"TRUE"
"1951-08-29",0.01,66,44,"TRUE"
"1951-08-30",0.05,64,50,"TRUE"
"1951-08-31",0,70,47,"FALSE"
"1951-09-01",0,66,47,"FALSE"
"1951-09-02",0,68,47,"FALSE"
"1951-09-03",0,79,50,"FALSE"
"1951-09-04",0,82,54,"FALSE"
"1951-09-05",0,76,50,"FALSE"
"1951-09-06",0,67,50,"FALSE"
"1951-09-07",0.19,65,53,"TRUE"
"1951-09-08",0,68,54,"FALSE"
"1951-09-09",0,72,45,"FALSE"
"1951-09-10",0.03,65,51,"TRUE"
"1951-09-11",0,67,48,"FALSE"
"1951-09-12",0,70,45,"FALSE"
"1951-09-13",0,77,50,"FALSE"
"1951-09-14",0,87,56,"FALSE"
"1951-09-15",0,87,47,"FALSE"
"1951-09-16",0,78,50,"FALSE"
"1951-09-17",0,73,49,"FALSE"
"1951-09-18",0,65,48,"FALSE"
"1951-09-19",0.01,69,45,"TRUE"
"1951-09-20",0,74,46,"FALSE"
"1951-09-21",0,75,43,"FALSE"
"1951-09-22",0,69,43,"FALSE"
"1951-09-23",0,61,47,"FALSE"
"1951-09-24",0.32,57,51,"TRUE"
"1951-09-25",0.06,60,44,"TRUE"
"1951-09-26",0,60,40,"FALSE"
"1951-09-27",0.24,57,46,"TRUE"
"1951-09-28",0.1,63,51,"TRUE"
"1951-09-29",0.92,64,54,"TRUE"
"1951-09-30",0.16,63,54,"TRUE"
"1951-10-01",0.38,69,53,"TRUE"
"1951-10-02",0.67,60,53,"TRUE"
"1951-10-03",0.13,62,47,"TRUE"
"1951-10-04",0,62,42,"FALSE"
"1951-10-05",0.02,59,44,"TRUE"
"1951-10-06",0.14,63,53,"TRUE"
"1951-10-07",0,75,51,"FALSE"
"1951-10-08",0,80,53,"FALSE"
"1951-10-09",0,69,49,"FALSE"
"1951-10-10",0.05,58,49,"TRUE"
"1951-10-11",0.08,64,50,"TRUE"
"1951-10-12",0.05,59,50,"TRUE"
"1951-10-13",0.19,60,50,"TRUE"
"1951-10-14",0.24,58,42,"TRUE"
"1951-10-15",0.93,49,40,"TRUE"
"1951-10-16",0.04,54,39,"TRUE"
"1951-10-17",0.3,47,38,"TRUE"
"1951-10-18",0.45,59,44,"TRUE"
"1951-10-19",0.77,59,50,"TRUE"
"1951-10-20",0.06,55,44,"TRUE"
"1951-10-21",0.27,48,42,"TRUE"
"1951-10-22",0.43,50,39,"TRUE"
"1951-10-23",0.01,52,45,"TRUE"
"1951-10-24",0.02,55,42,"TRUE"
"1951-10-25",0,54,40,"FALSE"
"1951-10-26",0,54,33,"FALSE"
"1951-10-27",0,57,34,"FALSE"
"1951-10-28",0.28,55,37,"TRUE"
"1951-10-29",0.36,49,36,"TRUE"
"1951-10-30",0,49,32,"FALSE"
"1951-10-31",0,49,35,"FALSE"
"1951-11-01",0,53,32,"FALSE"
"1951-11-02",0,54,34,"FALSE"
"1951-11-03",0.59,57,42,"TRUE"
"1951-11-04",0,54,41,"FALSE"
"1951-11-05",0,57,37,"FALSE"
"1951-11-06",0.05,53,41,"TRUE"
"1951-11-07",0.01,56,44,"TRUE"
"1951-11-08",0,53,42,"FALSE"
"1951-11-09",0.65,50,44,"TRUE"
"1951-11-10",0.34,55,44,"TRUE"
"1951-11-11",0.81,49,44,"TRUE"
"1951-11-12",0.13,51,43,"TRUE"
"1951-11-13",0.14,46,38,"TRUE"
"1951-11-14",0.03,45,32,"TRUE"
"1951-11-15",0,46,32,"FALSE"
"1951-11-16",0,50,32,"FALSE"
"1951-11-17",0,54,41,"FALSE"
"1951-11-18",0,53,43,"FALSE"
"1951-11-19",0.06,53,40,"TRUE"
"1951-11-20",0.08,4,39,"TRUE"
"1951-11-21",0,46,33,"FALSE"
"1951-11-22",0,43,29,"FALSE"
"1951-11-23",0,41,28,"FALSE"
"1951-11-24",0.06,39,28,"TRUE"
"1951-11-25",0.52,52,39,"TRUE"
"1951-11-26",0.25,53,42,"TRUE"
"1951-11-27",0.31,54,41,"TRUE"
"1951-11-28",0.54,48,40,"TRUE"
"1951-11-29",0.24,51,41,"TRUE"
"1951-11-30",0.63,57,42,"TRUE"
"1951-12-01",0.15,49,36,"TRUE"
"1951-12-02",0.04,48,36,"TRUE"
"1951-12-03",0.3,48,39,"TRUE"
"1951-12-04",0.59,46,37,"TRUE"
"1951-12-05",0.08,42,34,"TRUE"
"1951-12-06",0.01,42,28,"TRUE"
"1951-12-07",0,38,26,"FALSE"
"1951-12-08",0,42,31,"FALSE"
"1951-12-09",0,40,29,"FALSE"
"1951-12-10",0.02,47,36,"TRUE"
"1951-12-11",0,45,41,"FALSE"
"1951-12-12",0,47,30,"FALSE"
"1951-12-13",0,43,29,"FALSE"
"1951-12-14",0,41,29,"FALSE"
"1951-12-15",0.37,44,37,"TRUE"
"1951-12-16",0.01,46,40,"TRUE"
"1951-12-17",0.44,43,35,"TRUE"
"1951-12-18",0.47,44,33,"TRUE"
"1951-12-19",0.04,35,28,"TRUE"
"1951-12-20",0.12,35,28,"TRUE"
"1951-12-21",0.56,48,34,"TRUE"
"1951-12-22",0,45,32,"FALSE"
"1951-12-23",0,38,26,"FALSE"
"1951-12-24",0,35,25,"FALSE"
"1951-12-25",0,40,25,"FALSE"
"1951-12-26",0.13,40,31,"TRUE"
"1951-12-27",0.01,40,31,"TRUE"
"1951-12-28",0.22,42,32,"TRUE"
"1951-12-29",0.27,40,32,"TRUE"
"1951-12-30",0.09,33,22,"TRUE"
"1951-12-31",0,25,16,"FALSE"
"1952-01-01",0,28,10,"FALSE"
"1952-01-02",0,35,20,"FALSE"
"1952-01-03",0.24,31,17,"TRUE"
"1952-01-04",0.06,35,27,"TRUE"
"1952-01-05",0.17,37,32,"TRUE"
"1952-01-06",0.08,35,31,"TRUE"
"1952-01-07",0.09,36,32,"TRUE"
"1952-01-08",0,42,34,"FALSE"
"1952-01-09",0.21,43,36,"TRUE"
"1952-01-10",0.12,41,34,"TRUE"
"1952-01-11",0.17,40,32,"TRUE"
"1952-01-12",0,41,28,"FALSE"
"1952-01-13",0,39,25,"FALSE"
"1952-01-14",0.05,40,31,"TRUE"
"1952-01-15",0,44,32,"FALSE"
"1952-01-16",0,40,28,"FALSE"
"1952-01-17",0,38,27,"FALSE"
"1952-01-18",0.12,43,33,"TRUE"
"1952-01-19",0.04,44,36,"TRUE"
"1952-01-20",0.19,38,33,"TRUE"
"1952-01-21",0.02,35,28,"TRUE"
"1952-01-22",0.03,34,30,"TRUE"
"1952-01-23",0.7,37,30,"TRUE"
"1952-01-24",0.29,46,34,"TRUE"
"1952-01-25",0.25,51,35,"TRUE"
"1952-01-26",0.04,49,39,"TRUE"
"1952-01-27",0,58,38,"FALSE"
"1952-01-28",0.02,53,34,"TRUE"
"1952-01-29",0.57,53,37,"TRUE"
"1952-01-30",1,51,44,"TRUE"
"1952-01-31",0.43,51,42,"TRUE"
"1952-02-01",0.1,50,42,"TRUE"
"1952-02-02",0.11,49,41,"TRUE"
"1952-02-03",0.74,50,41,"TRUE"
"1952-02-04",0.23,51,38,"TRUE"
"1952-02-05",0,50,33,"FALSE"
"1952-02-06",0,51,37,"FALSE"
"1952-02-07",0,47,40,"FALSE"
"1952-02-08",0,51,37,"FALSE"
"1952-02-09",0.24,51,40,"TRUE"
"1952-02-10",0,60,40,"FALSE"
"1952-02-11",0.28,50,37,"TRUE"
"1952-02-12",0,43,32,"FALSE"
"1952-02-13",0,45,28,"FALSE"
"1952-02-14",0.08,44,37,"TRUE"
"1952-02-15",0.06,41,34,"TRUE"
"1952-02-16",0.01,41,30,"TRUE"
"1952-02-17",0,42,30,"FALSE"
"1952-02-18",0,44,31,"FALSE"
"1952-02-19",0.01,38,31,"TRUE"
"1952-02-20",0,39,28,"FALSE"
"1952-02-21",0,43,27,"FALSE"
"1952-02-22",0,44,33,"FALSE"
"1952-02-23",0.02,49,37,"TRUE"
"1952-02-24",0.14,50,38,"TRUE"
"1952-02-25",0.37,50,41,"TRUE"
"1952-02-26",0,44,33,"FALSE"
"1952-02-27",0,46,31,"FALSE"
"1952-02-28",0,44,26,"FALSE"
"1952-02-29",0.07,44,33,"TRUE"
"1952-03-01",0,45,28,"FALSE"
"1952-03-02",0,45,31,"FALSE"
"1952-03-03",0.32,45,37,"TRUE"
"1952-03-04",0.03,43,38,"TRUE"
"1952-03-05",0.11,47,32,"TRUE"
"1952-03-06",0,54,41,"FALSE"
"1952-03-07",0,54,35,"FALSE"
"1952-03-08",0.01,55,33,"TRUE"
"1952-03-09",0.68,47,41,"TRUE"
"1952-03-10",0.59,44,39,"TRUE"
"1952-03-11",0.02,47,34,"TRUE"
"1952-03-12",0.19,45,34,"TRUE"
"1952-03-13",0.03,45,36,"TRUE"
"1952-03-14",0,55,39,"FALSE"
"1952-03-15",0,57,35,"FALSE"
"1952-03-16",0,52,29,"FALSE"
"1952-03-17",0.26,46,36,"TRUE"
"1952-03-18",0.01,46,31,"TRUE"
"1952-03-19",0.13,45,32,"TRUE"
"1952-03-20",0.05,47,35,"TRUE"
"1952-03-21",0,49,29,"FALSE"
"1952-03-22",0.01,56,28,"TRUE"
"1952-03-23",0.48,49,42,"TRUE"
"1952-03-24",0.09,51,45,"TRUE"
"1952-03-25",0.02,53,44,"TRUE"
"1952-03-26",0,51,43,"FALSE"
"1952-03-27",0,58,43,"FALSE"
"1952-03-28",0.13,45,39,"TRUE"
"1952-03-29",0.17,46,38,"TRUE"
"1952-03-30",0.19,46,32,"TRUE"
"1952-03-31",0,46,31,"FALSE"
"1952-04-01",0.05,53,37,"TRUE"
"1952-04-02",0.26,50,38,"TRUE"
"1952-04-03",0.01,53,38,"TRUE"
"1952-04-04",0,70,40,"FALSE"
"1952-04-05",0,68,40,"FALSE"
"1952-04-06",0,51,34,"FALSE"
"1952-04-07",0,51,29,"FALSE"
"1952-04-08",0,55,29,"FALSE"
"1952-04-09",0,62,38,"FALSE"
"1952-04-10",0,62,38,"FALSE"
"1952-04-11",0,55,44,"FALSE"
"1952-04-12",0,64,37,"FALSE"
"1952-04-13",0.38,51,45,"TRUE"
"1952-04-14",0.02,56,42,"TRUE"
"1952-04-15",0,60,35,"FALSE"
"1952-04-16",0,68,36,"FALSE"
"1952-04-17",0,70,41,"FALSE"
"1952-04-18",0,69,42,"FALSE"
"1952-04-19",0.02,49,42,"TRUE"
"1952-04-20",0,59,33,"FALSE"
"1952-04-21",0,65,33,"FALSE"
"1952-04-22",0,56,41,"FALSE"
"1952-04-23",0,67,34,"FALSE"
"1952-04-24",0,64,40,"FALSE"
"1952-04-25",0,63,41,"FALSE"
"1952-04-26",0,57,46,"FALSE"
"1952-04-27",0.7,53,43,"TRUE"
"1952-04-28",0.06,49,34,"TRUE"
"1952-04-29",0.09,58,31,"TRUE"
"1952-04-30",0.44,57,41,"TRUE"
"1952-05-01",0.06,53,37,"TRUE"
"1952-05-02",0.12,59,33,"TRUE"
"1952-05-03",0,56,38,"FALSE"
"1952-05-04",0,56,34,"FALSE"
"1952-05-05",0,55,37,"FALSE"
"1952-05-06",0,62,42,"FALSE"
"1952-05-07",0,66,43,"FALSE"
"1952-05-08",0.03,54,45,"TRUE"
"1952-05-09",0,65,44,"FALSE"
"1952-05-10",0,67,48,"FALSE"
"1952-05-11",0.06,66,49,"TRUE"
"1952-05-12",0.04,70,44,"TRUE"
"1952-05-13",0.09,60,46,"TRUE"
"1952-05-14",0,58,44,"FALSE"
"1952-05-15",0,64,44,"FALSE"
"1952-05-16",0,80,46,"FALSE"
"1952-05-17",0,80,49,"FALSE"
"1952-05-18",0,67,49,"FALSE"
"1952-05-19",0.21,60,48,"TRUE"
"1952-05-20",0.1,58,49,"TRUE"
"1952-05-21",0.24,60,48,"TRUE"
"1952-05-22",0,65,44,"FALSE"
"1952-05-23",0,67,45,"FALSE"
"1952-05-24",0,71,44,"FALSE"
"1952-05-25",0,65,46,"FALSE"
"1952-05-26",0,74,40,"FALSE"
"1952-05-27",0,80,49,"FALSE"
"1952-05-28",0.04,60,48,"TRUE"
"1952-05-29",0,62,45,"FALSE"
"1952-05-30",0,64,42,"FALSE"
"1952-05-31",0,58,46,"FALSE"
"1952-06-01",0,65,44,"FALSE"
"1952-06-02",0,72,47,"FALSE"
"1952-06-03",0.06,62,46,"TRUE"
"1952-06-04",0.02,71,54,"TRUE"
"1952-06-05",0.02,64,49,"TRUE"
"1952-06-06",0.01,67,49,"TRUE"
"1952-06-07",0,70,45,"FALSE"
"1952-06-08",0,73,45,"FALSE"
"1952-06-09",0,71,48,"FALSE"
"1952-06-10",0,61,45,"FALSE"
"1952-06-11",0.32,51,40,"TRUE"
"1952-06-12",0,62,38,"FALSE"
"1952-06-13",0,66,42,"FALSE"
"1952-06-14",0.04,64,45,"TRUE"
"1952-06-15",0.02,59,49,"TRUE"
"1952-06-16",0,57,49,"FALSE"
"1952-06-17",0,70,50,"FALSE"
"1952-06-18",0,75,50,"FALSE"
"1952-06-19",0,70,47,"FALSE"
"1952-06-20",0.03,63,50,"TRUE"
"1952-06-21",0.06,63,48,"TRUE"
"1952-06-22",0.15,64,45,"TRUE"
"1952-06-23",0,69,40,"FALSE"
"1952-06-24",0,72,45,"FALSE"
"1952-06-25",0,70,51,"FALSE"
"1952-06-26",0,69,49,"FALSE"
"1952-06-27",0.06,57,50,"TRUE"
"1952-06-28",0.2,66,53,"TRUE"
"1952-06-29",0.05,61,52,"TRUE"
"1952-06-30",0,67,53,"FALSE"
"1952-07-01",0,68,51,"FALSE"
"1952-07-02",0,73,45,"FALSE"
"1952-07-03",0,81,52,"FALSE"
"1952-07-04",0,68,50,"FALSE"
"1952-07-05",0,66,47,"FALSE"
"1952-07-06",0,74,46,"FALSE"
"1952-07-07",0,82,52,"FALSE"
"1952-07-08",0,87,53,"FALSE"
"1952-07-09",0,89,56,"FALSE"
"1952-07-10",0,87,55,"FALSE"
"1952-07-11",0,79,54,"FALSE"
"1952-07-12",0,74,55,"FALSE"
"1952-07-13",0,82,55,"FALSE"
"1952-07-14",0,88,55,"FALSE"
"1952-07-15",0,80,54,"FALSE"
"1952-07-16",0,69,52,"FALSE"
"1952-07-17",0,72,49,"FALSE"
"1952-07-18",0,72,47,"FALSE"
"1952-07-19",0,69,52,"FALSE"
"1952-07-20",0.02,64,51,"TRUE"
"1952-07-21",0,69,49,"FALSE"
"1952-07-22",0.33,61,52,"TRUE"
"1952-07-23",0.06,69,55,"TRUE"
"1952-07-24",0,71,54,"FALSE"
"1952-07-25",0,77,51,"FALSE"
"1952-07-26",0,76,49,"FALSE"
"1952-07-27",0,78,50,"FALSE"
"1952-07-28",0,80,50,"FALSE"
"1952-07-29",0,78,50,"FALSE"
"1952-07-30",0,81,49,"FALSE"
"1952-07-31",0,75,52,"FALSE"
"1952-08-01",0,75,51,"FALSE"
"1952-08-02",0,79,48,"FALSE"
"1952-08-03",0,89,55,"FALSE"
"1952-08-04",0,92,56,"FALSE"
"1952-08-05",0,68,55,"FALSE"
"1952-08-06",0,73,56,"FALSE"
"1952-08-07",0,67,54,"FALSE"
"1952-08-08",0,83,57,"FALSE"
"1952-08-09",0,88,56,"FALSE"
"1952-08-10",0,79,56,"FALSE"
"1952-08-11",0,85,51,"FALSE"
"1952-08-12",0,88,56,"FALSE"
"1952-08-13",0,73,55,"FALSE"
"1952-08-14",0,67,57,"FALSE"
"1952-08-15",0,68,55,"FALSE"
"1952-08-16",0,69,54,"FALSE"
"1952-08-17",0,70,51,"FALSE"
"1952-08-18",0,63,53,"FALSE"
"1952-08-19",0,69,49,"FALSE"
"1952-08-20",0,73,47,"FALSE"
"1952-08-21",0,75,47,"FALSE"
"1952-08-22",0.38,68,54,"TRUE"
"1952-08-23",0,70,49,"FALSE"
"1952-08-24",0.09,67,51,"TRUE"
"1952-08-25",0.23,64,53,"TRUE"
"1952-08-26",0,70,52,"FALSE"
"1952-08-27",0,70,44,"FALSE"
"1952-08-28",0,75,46,"FALSE"
"1952-08-29",0,69,50,"FALSE"
"1952-08-30",0,75,47,"FALSE"
"1952-08-31",0,72,48,"FALSE"
"1952-09-01",0,81,51,"FALSE"
"1952-09-02",0,78,52,"FALSE"
"1952-09-03",0.01,72,53,"TRUE"
"1952-09-04",0,72,42,"FALSE"
"1952-09-05",0.12,64,47,"TRUE"
"1952-09-06",0.12,63,52,"TRUE"
"1952-09-07",0,64,49,"FALSE"
"1952-09-08",0.06,58,49,"TRUE"
"1952-09-09",0,60,40,"FALSE"
"1952-09-10",0,65,39,"FALSE"
"1952-09-11",0,67,40,"FALSE"
"1952-09-12",0.01,65,46,"TRUE"
"1952-09-13",0,66,39,"FALSE"
"1952-09-14",0,74,47,"FALSE"
"1952-09-15",0,73,42,"FALSE"
"1952-09-16",0,70,44,"FALSE"
"1952-09-17",0,76,49,"FALSE"
"1952-09-18",0,80,52,"FALSE"
"1952-09-19",0,76,56,"FALSE"
"1952-09-20",0,80,55,"FALSE"
"1952-09-21",0,88,50,"FALSE"
"1952-09-22",0,85,48,"FALSE"
"1952-09-23",0,78,48,"FALSE"
"1952-09-24",0,66,49,"FALSE"
"1952-09-25",0,64,48,"FALSE"
"1952-09-26",0,64,50,"FALSE"
"1952-09-27",0,66,50,"FALSE"
"1952-09-28",0,68,45,"FALSE"
"1952-09-29",0,68,47,"FALSE"
"1952-09-30",0,68,53,"FALSE"
"1952-10-01",0,64,49,"FALSE"
"1952-10-02",0,75,45,"FALSE"
"1952-10-03",0,69,46,"FALSE"
"1952-10-04",0,74,48,"FALSE"
"1952-10-05",0,77,42,"FALSE"
"1952-10-06",0,78,42,"FALSE"
"1952-10-07",0,72,42,"FALSE"
"1952-10-08",0,64,50,"FALSE"
"1952-10-09",0,61,50,"FALSE"
"1952-10-10",0,62,48,"FALSE"
"1952-10-11",0,65,47,"FALSE"
"1952-10-12",0,65,45,"FALSE"
"1952-10-13",0,61,45,"FALSE"
"1952-10-14",0,67,44,"FALSE"
"1952-10-15",0,69,35,"FALSE"
"1952-10-16",0,62,38,"FALSE"
"1952-10-17",0,65,44,"FALSE"
"1952-10-18",0,67,40,"FALSE"
"1952-10-19",0,64,52,"FALSE"
"1952-10-20",0.3,61,50,"TRUE"
"1952-10-21",0,60,52,"FALSE"
"1952-10-22",0.05,52,50,"TRUE"
"1952-10-23",0.36,60,50,"TRUE"
"1952-10-24",0.02,61,48,"TRUE"
"1952-10-25",0,60,44,"FALSE"
"1952-10-26",0,52,40,"FALSE"
"1952-10-27",0,58,39,"FALSE"
"1952-10-28",0,58,38,"FALSE"
"1952-10-29",0.23,58,47,"TRUE"
"1952-10-30",0.11,57,44,"TRUE"
"1952-10-31",0.22,50,42,"TRUE"
"1952-11-01",0,53,36,"FALSE"
"1952-11-02",0,55,31,"FALSE"
"1952-11-03",0,61,44,"FALSE"
"1952-11-04",0,55,48,"FALSE"
"1952-11-05",0,54,46,"FALSE"
"1952-11-06",0,54,35,"FALSE"
"1952-11-07",0,53,31,"FALSE"
"1952-11-08",0,64,39,"FALSE"
"1952-11-09",0.18,52,35,"TRUE"
"1952-11-10",0.37,58,45,"TRUE"
"1952-11-11",0.2,52,42,"TRUE"
"1952-11-12",0.05,54,38,"TRUE"
"1952-11-13",0.11,52,39,"TRUE"
"1952-11-14",0.02,51,40,"TRUE"
"1952-11-15",0,51,31,"FALSE"
"1952-11-16",0,46,32,"FALSE"
"1952-11-17",0.01,46,34,"TRUE"
"1952-11-18",0,53,37,"FALSE"
"1952-11-19",0,48,35,"FALSE"
"1952-11-20",0,48,38,"FALSE"
"1952-11-21",0,46,34,"FALSE"
"1952-11-22",0,45,26,"FALSE"
"1952-11-23",0,42,25,"FALSE"
"1952-11-24",0,37,27,"FALSE"
"1952-11-25",0,36,29,"FALSE"
"1952-11-26",0,33,25,"FALSE"
"1952-11-27",0,36,22,"FALSE"
"1952-11-28",0,35,17,"FALSE"
"1952-11-29",0,42,22,"FALSE"
"1952-11-30",0.17,41,26,"TRUE"
"1952-12-01",0.26,47,32,"TRUE"
"1952-12-02",0.23,44,40,"TRUE"
"1952-12-03",0.37,47,42,"TRUE"
"1952-12-04",0.18,54,43,"TRUE"
"1952-12-05",0.29,43,37,"TRUE"
"1952-12-06",0.38,46,37,"TRUE"
"1952-12-07",0.16,45,39,"TRUE"
"1952-12-08",0.11,42,35,"TRUE"
"1952-12-09",0.23,44,35,"TRUE"
"1952-12-10",0,46,35,"FALSE"
"1952-12-11",0.36,52,33,"TRUE"
"1952-12-12",0.32,58,50,"TRUE"
"1952-12-13",0,59,40,"FALSE"
"1952-12-14",0,58,33,"FALSE"
"1952-12-15",0.06,41,31,"TRUE"
"1952-12-16",0.03,48,35,"TRUE"
"1952-12-17",0,46,31,"FALSE"
"1952-12-18",0.01,41,33,"TRUE"
"1952-12-19",0.15,43,37,"TRUE"
"1952-12-20",0.07,41,34,"TRUE"
"1952-12-21",0.77,46,33,"TRUE"
"1952-12-22",0.01,41,36,"TRUE"
"1952-12-23",0.01,46,34,"TRUE"
"1952-12-24",0,45,27,"FALSE"
"1952-12-25",0,42,33,"FALSE"
"1952-12-26",0.02,46,37,"TRUE"
"1952-12-27",0,51,38,"FALSE"
"1952-12-28",0.58,47,38,"TRUE"
"1952-12-29",0.21,49,39,"TRUE"
"1952-12-30",0.13,54,41,"TRUE"
"1952-12-31",0.08,45,36,"TRUE"
"1953-01-01",0.04,44,37,"TRUE"
"1953-01-02",1.36,55,39,"TRUE"
"1953-01-03",0,52,36,"FALSE"
"1953-01-04",0,45,34,"FALSE"
"1953-01-05",0,47,31,"FALSE"
"1953-01-06",0.42,44,26,"TRUE"
"1953-01-07",0.71,46,41,"TRUE"
"1953-01-08",0.69,54,41,"TRUE"
"1953-01-09",0.54,53,36,"TRUE"
"1953-01-10",0.19,47,35,"TRUE"
"1953-01-11",1.26,55,41,"TRUE"
"1953-01-12",0.27,52,47,"TRUE"
"1953-01-13",0.14,50,44,"TRUE"
"1953-01-14",0.02,48,43,"TRUE"
"1953-01-15",0.49,51,41,"TRUE"
"1953-01-16",0.3,45,40,"TRUE"
"1953-01-17",0.56,48,40,"TRUE"
"1953-01-18",0.99,52,44,"TRUE"
"1953-01-19",0.14,51,44,"TRUE"
"1953-01-20",0.02,50,42,"TRUE"
"1953-01-21",0.06,46,40,"TRUE"
"1953-01-22",1.29,50,41,"TRUE"
"1953-01-23",0.23,54,46,"TRUE"
"1953-01-24",0.24,49,43,"TRUE"
"1953-01-25",0.3,45,38,"TRUE"
"1953-01-26",0.35,40,32,"TRUE"
"1953-01-27",0.48,43,35,"TRUE"
"1953-01-28",0.47,49,38,"TRUE"
"1953-01-29",0.37,48,44,"TRUE"
"1953-01-30",0.26,51,45,"TRUE"
"1953-01-31",0.73,54,44,"TRUE"
"1953-02-01",0.2,47,42,"TRUE"
"1953-02-02",0.45,47,41,"TRUE"
"1953-02-03",0.58,51,38,"TRUE"
"1953-02-04",0.14,45,37,"TRUE"
"1953-02-05",0.3,47,39,"TRUE"
"1953-02-06",0.42,52,45,"TRUE"
"1953-02-07",0.31,51,36,"TRUE"
"1953-02-08",0,45,32,"FALSE"
"1953-02-09",0,45,27,"FALSE"
"1953-02-10",0.01,46,31,"TRUE"
"1953-02-11",0,47,36,"FALSE"
"1953-02-12",0,46,34,"FALSE"
"1953-02-13",0,40,34,"FALSE"
"1953-02-14",0,48,36,"FALSE"
"1953-02-15",0.05,43,35,"TRUE"
"1953-02-16",0.6,48,39,"TRUE"
"1953-02-17",0.16,43,31,"TRUE"
"1953-02-18",0,43,30,"FALSE"
"1953-02-19",0,46,29,"FALSE"
"1953-02-20",0.02,44,33,"TRUE"
"1953-02-21",0.03,45,36,"TRUE"
"1953-02-22",0,45,34,"FALSE"
"1953-02-23",0,47,31,"FALSE"
"1953-02-24",0,48,28,"FALSE"
"1953-02-25",0,48,27,"FALSE"
"1953-02-26",0.01,47,31,"TRUE"
"1953-02-27",0.28,46,38,"TRUE"
"1953-02-28",0.14,39,31,"TRUE"
"1953-03-01",0,43,25,"FALSE"
"1953-03-02",0,43,28,"FALSE"
"1953-03-03",0,48,36,"FALSE"
"1953-03-04",0,48,41,"FALSE"
"1953-03-05",0,48,41,"FALSE"
"1953-03-06",0.01,48,35,"TRUE"
"1953-03-07",0,57,31,"FALSE"
"1953-03-08",0,58,38,"FALSE"
"1953-03-09",0,53,37,"FALSE"
"1953-03-10",0.16,50,41,"TRUE"
"1953-03-11",0.16,50,40,"TRUE"
"1953-03-12",0.17,48,34,"TRUE"
"1953-03-13",0,47,33,"FALSE"
"1953-03-14",0,47,26,"FALSE"
"1953-03-15",0.33,49,39,"TRUE"
"1953-03-16",0,47,36,"FALSE"
"1953-03-17",0.12,47,34,"TRUE"
"1953-03-18",0.38,46,33,"TRUE"
"1953-03-19",0,53,33,"FALSE"
"1953-03-20",0.07,47,35,"TRUE"
"1953-03-21",0.03,47,39,"TRUE"
"1953-03-22",0.1,47,40,"TRUE"
"1953-03-23",0,63,43,"FALSE"
"1953-03-24",0.98,59,38,"TRUE"
"1953-03-25",0.01,50,33,"TRUE"
"1953-03-26",0,60,40,"FALSE"
"1953-03-27",0.47,52,39,"TRUE"
"1953-03-28",0.51,49,38,"TRUE"
"1953-03-29",0,52,38,"FALSE"
"1953-03-30",0.18,49,34,"TRUE"
"1953-03-31",0.04,48,32,"TRUE"